"Qty";"Value";"Device";"Package";"Parts";"Description";"AVAILABILITY";"CHECK_PRICES";"DESCRIPTION";"MF";"MP";"PACKAGE";"POPULARITY";"PRICE";"PURCHASE-URL";"SNAPEDA_LINK";"SPICEPREFIX";
"38";"";"SMD2";"SMD1,27-2,54";"3V3_D1, 9VDD1, BCK_ADC1, CE_EQ1, CE_EQ2, CLK_ADC1, CS3, CS4, CS5, CS6, DOUT_ADC1, GND4, GND6, LRCK_ADC1, MUX2, MUX3, PAD1, PAD2, PAD3, PAD4, PAD5, PAD6, PAD7, PAD8, PAD9, PAD10, PAD11, PAD12, PAD13, PAD14, PAD15, PAD16, SCK1, SCL1, SCL2, SDA1, SDA2, SDI/O1";"SMD PAD";"";"";"";"";"";"";"15";"";"";"";"";
"12";"";"SMD5";"SMD2,54-5,08";"GND1, GND2, GND3, GND5, GNDL1, GNDR1, IN_COMP1, IN_COMP2, IN_COMP3, IN_COMP5, OUTL_MIX1, OUTR_MIX1";"SMD PAD";"";"";"";"";"";"";"21";"";"";"";"";
"16";"0.01uF";"C-USC0402";"C0402";"C10, C11, C14, C15, C16, C17, C20, C21, C105, C106, C109, C110, C111, C112, C115, C116";"CAPACITOR, American symbol";"";"";"";"";"";"";"16";"";"";"";"C";
"8";"0.047uF";"C-USC0402";"C0402";"C7, C9, C22, C23, C103, C104, C117, C118";"CAPACITOR, American symbol";"";"";"";"";"";"";"16";"";"";"";"C";
"8";"0.068uF";"C-USC0402";"C0402";"C12, C13, C18, C19, C107, C108, C113, C114";"CAPACITOR, American symbol";"";"";"";"";"";"";"16";"";"";"";"C";
"2";"0.1u";"C-USC0402";"C0402";"C3, C4";"CAPACITOR, American symbol";"";"";"";"";"";"";"16";"";"";"";"C";
"7";"0.1uF";"C-USC0402";"C0402";"C33, C38, C68, C70, C73, C128, C133";"CAPACITOR, American symbol";"";"";"";"";"";"";"16";"";"";"";"C";
"4";"1.5u";"C-USC0402";"C0402";"C44, C47, C50, C56";"CAPACITOR, American symbol";"";"";"";"";"";"";"16";"";"";"";"C";
"1";"1.7k";"R-US_R0402";"R0402";"R22";"RESISTOR, American symbol";"";"";"";"";"";"";"34";"";"";"";"R";
"44";"100k";"R-US_R0402";"R0402";"R63, R67, R75, R77, R78, R79, R89, R90, R91, R93, R94, R95, R99, R100, R102, R103, R104, R107, R108, R109, R111, R112, R113, R117, R118, R120, R121, R122, R125, R126, R127, R129, R130, R149, R153, R154, R156, R157, R158, R161, R162, R163, R165, R166";"RESISTOR, American symbol";"";"";"";"";"";"";"34";"";"";"";"R";
"28";"10k";"R-US_R0402";"R0402";"R12, R14, R19, R21, R32, R34, R41, R42, R47, R49, R56, R57, R72, R74, R76, R80, R86, R88, R92, R101, R105, R110, R119, R123, R128, R155, R159, R164";"RESISTOR, American symbol";"";"";"";"";"";"";"34";"";"";"";"R";
"4";"10u";"C-USC0402";"C0402";"C43, C46, C49, C55";"CAPACITOR, American symbol";"";"";"";"";"";"";"16";"";"";"";"C";
"42";"10uF";"C-USC0402";"C0402";"C2, C5, C6, C8, C24, C25, C26, C27, C28, C29, C30, C31, C32, C34, C35, C36, C37, C39, C69, C71, C77, C78, C79, C80, C81, C82, C83, C84, C119, C120, C121, C122, C123, C124, C125, C126, C127, C129, C130, C131, C132, C134";"CAPACITOR, American symbol";"";"";"";"";"";"";"16";"";"";"";"C";
"2";"15pF";"C-USC0402";"C0402";"C75, C76";"CAPACITOR, American symbol";"";"";"";"";"";"";"16";"";"";"";"C";
"4";"1M";"R-US_R0402";"R0402";"R6, R15, R68, R82";"RESISTOR, American symbol";"";"";"";"";"";"";"34";"";"";"";"R";
"44";"1N4148W-TP";"1N4148W-TP";"SOD123";"D16, D17, D18, D19, D20, D21, D22, D23, D24, D25, D26, D27, D28, D29, D30, D31, D32, D33, D34, D35, D36, D37, D38, D39, D40, D41, D42, D43, D44, D45, D46, D47, D48, D60, D61, D62, D63, D64, D65, D66, D67, D68, D69, D70";"Check availability";"In Stock";"https://www.snapeda.com/parts/1N4148W-TP/Micro+Commercial+Components/view-part/?ref=eda";" 1N4148W Series 100 V 150 mA 4 ns SMT High Speed Switching Diode - SOD-123 ";"Micro Commercial";"1N4148W-TP";"SOD-123 Multicomp";"";"None";"https://www.snapeda.com/api/url_track_click_mouser/?unipart_id=9224&manufacturer=Micro Commercial&part_name=1N4148W-TP&search_term=1n4148 surface mount";"https://www.snapeda.com/parts/1N4148W-TP/Micro+Commercial+Components/view-part/?ref=snap";"";
"4";"1N4148W-TPSOD123-L";"1N4148W-TPSOD123-L";"SOD123-L";"D2, D3, D4, D5";"Check availability";"In Stock";"https://www.snapeda.com/parts/1N4148W-TP/Micro+Commercial+Components/view-part/?ref=eda";" 1N4148W Series 100 V 150 mA 4 ns SMT High Speed Switching Diode - SOD-123 ";"Micro Commercial";"1N4148W-TP";"SOD-123 Multicomp";"";"None";"https://www.snapeda.com/api/url_track_click_mouser/?unipart_id=9224&manufacturer=Micro Commercial&part_name=1N4148W-TP&search_term=1n4148 surface mount";"https://www.snapeda.com/parts/1N4148W-TP/Micro+Commercial+Components/view-part/?ref=snap";"";
"9";"1k";"R-US_R0402";"R0402";"R5, R8, R9, R45, R60, R65, R97, R115, R151";"RESISTOR, American symbol";"";"";"";"";"";"";"34";"";"";"";"R";
"2";"1uF";"C-USC0402";"C0402";"C72, C74";"CAPACITOR, American symbol";"";"";"";"";"";"";"16";"";"";"";"C";
"4";"20k";"R-US_R0402";"R0402";"R81, R106, R124, R160";"RESISTOR, American symbol";"";"";"";"";"";"";"34";"";"";"";"R";
"8";"470k";"R-US_R0402";"R0402";"R64, R66, R96, R98, R114, R116, R150, R152";"RESISTOR, American symbol";"";"";"";"";"";"";"34";"";"";"";"R";
"2";"50k";"R-US_R0402";"R0402";"R44, R59";"RESISTOR, American symbol";"";"";"";"";"";"";"34";"";"";"";"R";
"34";"5k";"R-US_R0402";"R0402";"R7, R10, R11, R13, R16, R17, R18, R20, R31, R33, R35, R36, R37, R38, R39, R40, R43, R46, R48, R50, R51, R52, R53, R54, R55, R58, R69, R70, R71, R73, R83, R84, R85, R87";"RESISTOR, American symbol";"";"";"";"";"";"";"34";"";"";"";"R";
"4";"680p";"C-USC0402";"C0402";"C42, C45, C48, C54";"CAPACITOR, American symbol";"";"";"";"";"";"";"16";"";"";"";"C";
"1";"ECS-245.7-20-3X-EN-TR";"ECS-245.7-20-3X-EN-TR";"XTAL_ECS-245.7-20-3X-EN-TR";"Y2";"SMD QUARTZ CRYSTAL Check availability";"In Stock";"https://www.snapeda.com/parts/ECS-245.7-20-3X-EN-TR/ECS+Inc./view-part/?ref=eda";" 24.576 MHz ±30ppm Crystal 20pF 50 Ohms HC-49/US ";"ECS Inc.";"ECS-245.7-20-3X-EN-TR";"HC49/US ECS International";"";"None";"https://www.snapeda.com/api/url_track_click_mouser/?unipart_id=2461373&manufacturer=ECS Inc.&part_name=ECS-245.7-20-3X-EN-TR&search_term=ecs-245.7-20-3x-en-tr";"https://www.snapeda.com/parts/ECS-245.7-20-3X-EN-TR/ECS+Inc./view-part/?ref=snap";"";
"2";"LC75281E";"LC75281E";"QFP80P1720X1720X270-64N";"U$1, U$3";"";"";"";"";"";"";"";"";"";"";"";"";
"22";"LM4562MAX/NOPB";"LM4562MAX/NOPB";"SOIC127P599X175-8N";"OPAMP1_COMP1, OPAMP1_COMP2, OPAMP1_COMP3, OPAMP1_COMP5, OPAMP1_MIX1, OPAMP1_PAN1, OPAMP1_PAN2, OPAMP1_PAN3, OPAMP1_PAN4, OPAMP2_COMP1, OPAMP2_COMP2, OPAMP2_COMP3, OPAMP2_COMP5, OPAMP3_COMP1, OPAMP3_COMP2, OPAMP3_COMP3, OPAMP3_COMP5, OPAMP4_COMP1, OPAMP4_COMP2, OPAMP4_COMP3, OPAMP4_COMP5, U2";"Check availability";"In Stock";"https://www.snapeda.com/parts/LM4562MAX/NOPB/Texas+Instruments/view-part/?ref=eda";" 2-channel, 55-MHz, high-fidelity, high performance audio op amp ";"Texas Instruments";"LM4562MAX/NOPB";"SOIC-8 Texas Instruments";"";"None";"https://www.snapeda.com/api/url_track_click_mouser/?unipart_id=21165&manufacturer=Texas Instruments&part_name=LM4562MAX/NOPB&search_term=lm4562";"https://www.snapeda.com/parts/LM4562MAX/NOPB/Texas+Instruments/view-part/?ref=snap";"";
"2";"MAX5419LETA+";"MAX5419LETA+";"SON65P300X300X80-9N";"200POT1_COMP5, 200POT2_COMP5";"Check availability";"In Stock";"https://www.snapeda.com/parts/MAX5419LETA+/Analog+Devices/view-part/?ref=eda";" 256-Tap, Nonvolatile, I²C-Interface, Digital Potentiometers ";"Analog Devices";"MAX5419LETA+";"TDFN-EP-8 Maxim";"";"None";"https://www.snapeda.com/api/url_track_click_mouser/?unipart_id=895758&manufacturer=Analog Devices&part_name=MAX5419LETA+&search_term=max541";"https://www.snapeda.com/parts/MAX5419LETA+/Analog+Devices/view-part/?ref=snap";"";
"2";"MAX5419META+";"MAX5419META+";"SON65P300X300X80-9N";"200POT1_COMP2, 200POT2_COMP2";"Check availability";"In Stock";"https://www.snapeda.com/parts/MAX5419LETA+/Analog+Devices/view-part/?ref=eda";" 256-Tap, Nonvolatile, I²C-Interface, Digital Potentiometers ";"Analog Devices";"MAX5419LETA+";"TDFN-EP-8 Maxim";"";"None";"https://www.snapeda.com/api/url_track_click_mouser/?unipart_id=895758&manufacturer=Analog Devices&part_name=MAX5419LETA+&search_term=max541";"https://www.snapeda.com/parts/MAX5419LETA+/Analog+Devices/view-part/?ref=snap";"";
"2";"MAX5419NETA+";"MAX5419NETA+";"SON65P300X300X80-9N";"200POT1_COMP1, 200POT2_COMP1";"Check availability";"In Stock";"https://www.snapeda.com/parts/MAX5419NETA+/Analog+Devices/view-part/?ref=eda";" 256-Tap, Nonvolatile, I²C-Interface, Digital Potentiometers ";"Analog Devices";"MAX5419NETA+";"TDFN-EP-8 Maxim";"";"None";"https://www.snapeda.com/api/url_track_click_mouser/?unipart_id=632563&manufacturer=Analog Devices&part_name=MAX5419NETA+&search_term=max5419";"https://www.snapeda.com/parts/MAX5419NETA+/Analog+Devices/view-part/?ref=snap";"";
"2";"MAX5419PETAT";"MAX5419PETAT";"SON65P300X300X80-9N";"200POT1_COMP3, 200POT2_COMP3";"Check availability";"In Stock";"https://www.snapeda.com/parts/MAX5419PETA+/Analog+Devices/view-part/?ref=eda";" 256-Tap, Nonvolatile, I²C-Interface, Digital Potentiometers ";"Analog Devices";"MAX5419PETA+";"TDFN-EP-8 Maxim";"";"None";"https://www.snapeda.com/api/url_track_click_mouser/?unipart_id=632565&manufacturer=Analog Devices&part_name=MAX5419PETA+&search_term=max5419";"https://www.snapeda.com/parts/MAX5419PETA+/Analog+Devices/view-part/?ref=snap";"";
"8";"MCP4131-503E/SN";"MCP4131-503E/SN";"SOIC127P599X175-8N";"10POT1_COMP1, 10POT1_COMP2, 10POT1_COMP3, 10POT1_COMP5, 10POT2_COMP1, 10POT2_COMP2, 10POT2_COMP3, 10POT2_COMP5";"Check availability";"In Stock";"https://www.snapeda.com/parts/MCP4131-503E/SN/Microchip/view-part/?ref=eda";" MCP4131-503E/SN,Digi Potentiometer 50kOhm 129-Pos Linear Serial-SPI 8-Pin SOIC | Microchip Technology Inc. MCP4131-503E/SN ";"Microchip";"MCP4131-503E/SN";"SOIC-8 Microchip";"";"None";"https://www.snapeda.com/api/url_track_click_mouser/?unipart_id=129576&manufacturer=Microchip&part_name=MCP4131-503E/SN&search_term=mcp413";"https://www.snapeda.com/parts/MCP4131-503E/SN/Microchip/view-part/?ref=snap";"";
"4";"MCP4131-503E/SN";"MCP4131-503E/SN";"SOIC127P599X175-8N";"10KPOT1_PAN1, 10KPOT1_PAN2, 10KPOT1_PAN3, 10KPOT1_PAN4";"Check availability";"In Stock";"https://www.snapeda.com/parts/MCP4131-503E/SN/Microchip/view-part/?ref=eda";" MCP4131-503E/SN,Digi Potentiometer 50kOhm 129-Pos Linear Serial-SPI 8-Pin SOIC | Microchip Technology Inc. MCP4131-503E/SN ";"Microchip";"MCP4131-503E/SN";"SOIC-8 Microchip";"";"None";"https://www.snapeda.com/api/url_track_click_mouser/?unipart_id=129576&manufacturer=Microchip&part_name=MCP4131-503E/SN&search_term=mcp413";"https://www.snapeda.com/parts/MCP4131-503E/SN/Microchip/view-part/?ref=snap";"X";
"4";"MCP42100-I/P";"MCP42100-I/P";"DIP254P762X432-14";"100POT1_COMP1, 100POT1_COMP2, 100POT1_COMP3, 100POT1_COMP5";"Digital Potentiometer Check availability";"In Stock";"https://www.snapeda.com/parts/MCP42100-I/P/Microchip/view-part/?ref=eda";" Pot,Digital";"Rest 100 Kilohms";"Digital";"256 Pos";"14 Pins";"2 Ch";"Pkg DIP | Microchip Technology Inc. MCP42100-I/P ";"Microchip";"MCP42100-I/P";
"1";"PCM1865DBT";"PCM1865DBT";"TSSOP-30";"IC2";"CS item no.:";"In Stock";"https://www.snapeda.com/parts/PCM1865DBT/Texas+Instruments/view-part/?ref=eda";" 110dB 4-Channel Software-Controlled Audio ADC With Universal Front End ";"Texas Instruments";"PCM1865DBT";"TSSOP-30 Texas Instruments";"";"None";"https://www.snapeda.com/api/url_track_click_mouser/?unipart_id=554870&manufacturer=Texas Instruments&part_name=PCM1865DBT&search_term=pcm186";"https://www.snapeda.com/parts/PCM1865DBT/Texas+Instruments/view-part/?ref=snap";"";
"4";"TMUX1204DGSR";"TMUX1204DGSR";"SOP50P490X110-10N";"U3, U4, U5, U11";"Check availability";"In Stock";"https://www.snapeda.com/parts/TMUX1204DGSR/Texas+Instruments/view-part/?ref=eda";" 5-V, 4:1, 1-channel, general-purpose analog multiplexer ";"Texas Instruments";"TMUX1204DGSR";"VSSOP-10 Texas Instruments";"";"None";"https://www.snapeda.com/api/url_track_click_mouser/?unipart_id=3657556&manufacturer=Texas Instruments&part_name=TMUX1204DGSR&search_term=tmux1204";"https://www.snapeda.com/parts/TMUX1204DGSR/Texas+Instruments/view-part/?ref=snap";"";
